BT101,1,BSBE,L2,D1,Friday
BT101,1,BSBE,L2,D1,Monday
BT101,1,BSBE,L2,D1,Thursday
BT101,1,BSBE,L2,D1,Wednesday
BT101,2,BSBE,L3,D1,Friday
BT101,2,BSBE,L3,D1,Monday
BT101,2,BSBE,L3,D1,Thursday
BT101,2,BSBE,L3,D1,Wednesday
BT101,3,BSBE,L2,D,Wednesday
BT101,3,BSBE,L2,D,Monday
BT101,3,BSBE,L2,D,Thursday
BT101,3,BSBE,L2,D,Friday
BT101,4,BSBE,L3,D,Friday
BT101,4,BSBE,L3,D,Monday
BT101,4,BSBE,L3,D,Thursday
BT101,4,BSBE,L3,D,Wednesday
BT202,NA,BSBE,4102,A,Thursday
BT202,NA,BSBE,4102,A,Tuesday
BT202,NA,BSBE,4102,A,Wednesday
BT205,NA,BSBE,4102,C,Monday
BT205,NA,BSBE,4102,C,Tuesday
BT205,NA,BSBE,4102,C,Friday
BT205,NA,BSBE,4207,C,Monday
BT205,NA,BSBE,4207,C,Tuesday
BT205,NA,BSBE,4207,C,Friday
BT208,NA,BSBE,4102,D,Monday
BT208,NA,BSBE,4102,D,Thursday
BT208,NA,BSBE,4102,D,Friday
BT302,NA,BSBE,4207,A1,Monday
BT302,NA,BSBE,4207,A1,Thursday
BT302,NA,BSBE,4207,A1,Tuesday
BT302,NA,BSBE,4207,A1,Wednesday
BT305,NA,BSBE,4207,D1,Monday
BT305,NA,BSBE,4207,D1,Thursday
BT305,NA,BSBE,4207,D1,Friday
BT306,NA,BSBE,4207,E1,Wednesday
BT306,NA,BSBE,4207,E1,Thursday
BT306,NA,BSBE,4207,E1,Friday
BT308,NA,BSBE,4207,C1,Monday
BT308,NA,BSBE,4207,C1,Tuesday
BT308,NA,BSBE,4207,C1,Friday
BT401,NA,BSBE,4207,E1,Wednesday
BT401,NA,BSBE,4207,E1,Thursday
BT401,NA,BSBE,4207,E1,Friday
BT502,NA,BSBE,4210,E,Wednesday
BT502,NA,BSBE,4210,E,Thursday
BT502,NA,BSBE,4210,E,Friday
BT504,NA,BSBE,4210,A,Tuesday
BT504,NA,BSBE,4210,A,Wednesday
BT504,NA,BSBE,4210,A,Thursday
BT601,NA,BSBE,4210,B1,Monday
BT601,NA,BSBE,4210,B1,Tuesday
BT601,NA,BSBE,4210,B1,Wednesday
BT604,NA,BSBE,4210,B,Monday
BT604,NA,BSBE,4210,B,Tuesday
BT604,NA,BSBE,4210,B,Wednesday
BT607,NA,BSBE,4207,B,Monday
BT607,NA,BSBE,4207,B,Tuesday
BT607,NA,BSBE,4207,B,Wednesday
BT609,NA,BSBE,4210,D,Monday
BT609,NA,BSBE,4210,D,Thursday
BT609,NA,BSBE,4210,D,Friday
BT613,NA,BSBE,4210,F,Monday
BT613,NA,BSBE,4210,F,Wednesday
BT613,NA,BSBE,4210,F,Friday
BT616,NA,BSBE,4210,L,Tuesday
BT616,NA,BSBE,4210,L,Thursday
BT618,NA,BSBE,4210,I,Tuesday
BT618,NA,BSBE,4210,I,Thursday
BT629,NA,BSBE,4210,K,Monday
BT629,NA,BSBE,4210,K,Wednesday
BT629,NA,BSBE,4210,K,Friday
BT630,NA,BSBE,1006,C,Monday
BT630,NA,BSBE,1006,C,Tuesday
BT630,NA,BSBE,1006,C,Friday
BT632,NA,BSBE,1207,C,Monday
BT632,NA,BSBE,1207,C,Tuesday
BT632,NA,BSBE,1207,C,Friday
BT637,NA,BSBE,4207,K,Monday
BT637,NA,BSBE,4207,K,Wednesday
BT637,NA,BSBE,4207,K,Friday
CE201,NA,CE,4201,A,Tuesday
CE201,NA,CE,4201,A,Wednesday
CE201,NA,CE,4201,A,Thursday
CE205,NA,CE,4201,D,Monday
CE205,NA,CE,4201,D,Thursday
CE205,NA,CE,4201,D,Friday
CE206,NA,CE,4201,C,Monday
CE206,NA,CE,4201,C,Tuesday
CE206,NA,CE,4201,C,Friday
CE220,NA,CE,4201,B,Monday
CE220,NA,CE,4201,B,Tuesday
CE220,NA,CE,4201,B,Wednesday
CE222,NA,CE,4201,H,Tuesday
CE222,NA,CE,4201,H,Thursday
CE222,NA,CE,4201,B,Friday
CE304,NA,CE,4201,A1,Tuesday
CE304,NA,CE,4201,A1,Thursday
CE304,NA,CE,4211,B,Wednesday
CE307,NA,CE,3102,H,Thursday
CE307,NA,CE,3102,F,Friday
CE307,NA,CE,4201,F,Monday
CE307,NA,CE,4201,F,Wednesday
CE308,NA,CE,4201,D1,Monday
CE308,NA,CE,4201,C1,Tuesday
CE308,NA,CE,4201,C1,Friday
CE309,NA,CE,4201,B1,Tuesday
CE309,NA,CE,4201,K,Wednesday
CE309,NA,CE,4201,D1,Thursday
CE309,NA,CE,4201,D1,Friday
CE311,NA,CE,4201,K,Monday
CE311,NA,CE,4201,L ,Tuesday
CE311,NA,CE,4201,E1,Wednesday
CE311,NA,CE,4201,E1,Thursday
CE402,NA,CE,4211,H,Thursday
CE504,NA,CE,3102,A,Tuesday
CE504,NA,CE,3102,A,Wednesday
CE504,NA,CE,3102,A,Thursday
CE505,NA,CE,3102,C,Monday
CE505,NA,CE,3102,C,Tuesday
CE505,NA,CE,3102,C,Friday
CE510,NA,CE,4208,D,Monday
CE510,NA,CE,4208,D,Thursday
CE510,NA,CE,4208,D,Friday
CE514,NA,CE,3102,A1,Tuesday
CE514,NA,CE,3102,A1,Wednesday
CE514,NA,CE,3102,A1,Thursday
CE524,NA,CE,4208,A,Tuesday
CE524,NA,CE,4208,A,Wednesday
CE524,NA,CE,4208,A,Thursday
CE524,NA,CE,4208,F,Friday
CE525,NA,CE,4208,B,Monday
CE525,NA,CE,4208,B,Tuesday
CE525,NA,CE,4208,B,Wednesday
CE533,NA,CE,4205,A,Tuesday
CE533,NA,CE,4205,A,Wednesday
CE533,NA,CE,4205,A,Thursday
CE533,NA,CE,4205,F,Friday
CE552,NA,CE,4G3,C,Monday
CE552,NA,CE,4G3,C,Tuesday
CE552,NA,CE,4G3,C,Friday
CE555,NA,CE,4211,B,Monday
CE555,NA,CE,4211,B,Tuesday
CE556,NA,CE,4208,A1,Tuesday
CE556,NA,CE,4208,A1,Wednesday
CE556,NA,CE,4208,A1,Thursday
CE564,NA,CE,3102,B1,Monday
CE564,NA,CE,3102,B1,Tuesday
CE564,NA,CE,3102,B1,Wednesday
CE570,NA,CE,4205,H,Tuesday
CE570,NA,CE,4205,F,Wednesday
CE570,NA,CE,4208,F,Monday
CE583,NA,CE,4205,D,Monday
CE583,NA,CE,4205,C,Tuesday
CE583,NA,CE,4205,E,Wednesday
CE584,NA,CE,4205,C,Monday
CE584,NA,CE,4205,E,Thursday
CE584,NA,CE,4211,A,Wednesday
CE594,NA,CE,4211,A1,Tuesday
CE594,NA,CE,4211,A1,Wednesday
CE594,NA,CE,4211,A1,Thursday
CE595,NA,CE,4208,D1,Monday
CE595,NA,CE,4208,D1,Friday
CE606,NA,CE,3102,B,Monday
CE606,NA,CE,3102,B,Tuesday
CE606,NA,CE,3102,B,Wednesday
CE607,NA,CE,3102,C1,Monday
CE607,NA,CE,3102,C1,Tuesday
CE607,NA,CE,3102,C1,Friday
CE608,NA,CE,3102,E,Wednesday
CE608,NA,CE,3102,E,Thursday
CE608,NA,CE,3102,E,Friday
CE612,NA,CE,4205,B,Monday
CE612,NA,CE,4205,B,Tuesday
CE612,NA,CE,4205,B,Wednesday
CE614,NA,CE,4211,C1,Monday
CE614,NA,CE,4211,C1,Tuesday
CE614,NA,CE,4211,C1,Friday
CE615,NA,CE,4205,F,Monday
CE615,NA,CE,4205,H,Thursday
CE615,NA,CE,4211,F,Wednesday
CE616,NA,CE,4001,C,Monday
CE616,NA,CE,4001,C,Tuesday
CE616,NA,CE,4001,C,Friday
CE623,NA,CE,3102,D1,Monday
CE623,NA,CE,3102,D1,Friday
CE623,NA,CE,4208,E1,Wednesday
CE628,NA,CE,4208,B1,Monday
CE628,NA,CE,4208,B1,Tuesday
CE628,NA,CE,4208,B1,Wednesday
CE643,NA,CE,3102,D,Monday
CE643,NA,CE,3102,D,Thursday
CE643,NA,CE,3102,D,Friday
CE646,NA,CE,4205,C,Friday
CE646,NA,CE,4208,C,Monday
CE646,NA,CE,4211,C,Tuesday
CE648,NA,CE,4201,E,Wednesday
CE648,NA,CE,4201,E,Thursday
CE648,NA,CE,4201,E,Friday
CE649,NA,CE,3102,L ,Tuesday
CE649,NA,CE,3102,E1,Wednesday
CE649,NA,CE,3102,E1,Thursday
CE652,NA,CE,3102,K,Monday
CE652,NA,CE,3102,L ,Thursday
CE652,NA,CE,3102,E1,Friday
CE661,NA,CE,4208,C,Tuesday
CE661,NA,CE,4208,H,Tuesday
CE661,NA,CE,4208,H,Thursday
CE661,NA,CE,4208,C,Friday
CE664,NA,CE,4208,C1,Monday
CE664,NA,CE,4208,C1,Tuesday
CE664,NA,CE,4208,C1,Friday
CH002,NA,CH,1001,A,Tuesday
CH002,NA,CH,1001,A,Wednesday
CH002,NA,CH,1001,A,Thursday
CH212,NA,CH,4103,A,Tuesday
CH212,NA,CH,4103,A,Wednesday
CH212,NA,CH,4103,A,Thursday
CH222,NA,CH,4103,B,Monday
CH222,NA,CH,4103,B,Tuesday
CH222,NA,CH,4103,B,Wednesday
CH232,NA,CH,4103,C,Monday
CH232,NA,CH,4103,C,Tuesday
CH232,NA,CH,4103,C,Friday
CH233,NA,CH,4103,D,Monday
CH233,NA,CH,4103,D,Thursday
CH233,NA,CH,4103,D,Friday
CH322,NA,CH,4103,D1,Monday
CH322,NA,CH,4103,D1,Thursday
CH322,NA,CH,4103,D1,Friday
CH323,NA,CH,4103,A1,Tuesday
CH323,NA,CH,4103,A1,Wednesday
CH323,NA,CH,4103,A1,Thursday
CH333,NA,CH,4103,B1,Monday
CH333,NA,CH,4103,B1,Tuesday
CH333,NA,CH,4103,B1,Wednesday
CH411,NA,CH,4006,A,Tuesday
CH411,NA,CH,4006,A,Wednesday
CH411,NA,CH,4006,A,Thursday
CH417,NA,CH,4104,B,Monday
CH417,NA,CH,4104,B,Tuesday
CH417,NA,CH,4104,B,Wednesday
CH418,NA,CH,4104,D,Monday
CH418,NA,CH,4104,D,Thursday
CH418,NA,CH,4104,D,Friday
CH419,NA,CH,2101,E1,Wednesday
CH419,NA,CH,2101,E1,Thursday
CH419,NA,CH,2101,E1,Friday
CH421,NA,CH,4006,B,Monday
CH421,NA,CH,4006,B,Tuesday
CH421,NA,CH,4006,B,Wednesday
CH428,NA,CH,4104,E,Wednesday
CH428,NA,CH,4104,E,Thursday
CH428,NA,CH,4104,E,Friday
CH432,NA,CH,4006,C,Monday
CH432,NA,CH,4006,C,Tuesday
CH432,NA,CH,4006,C,Friday
CH433,NA,CH,4006,D,Monday
CH433,NA,CH,4006,D,Thursday
CH433,NA,CH,4006,D,Friday
CH438,NA,CH,4005,C,Monday
CH438,NA,CH,4005,C,Tuesday
CH438,NA,CH,4005,C,Friday
CH501,NA,CH,3003,F,Monday
CH501,NA,CH,3003,F,Wednesday
CH501,NA,CH,3003,F,Friday
CH603,NA,CH,3003,A,Tuesday
CH603,NA,CH,3003,A,Wednesday
CH603,NA,CH,3003,A,Thursday
CH611,NA,CH,3003,B,Monday
CH611,NA,CH,3003,B,Tuesday
CH611,NA,CH,3003,B,Wednesday
CH615,NA,CH,4006,D1,Monday
CH615,NA,CH,4006,D1,Thursday
CH615,NA,CH,4006,D1,Friday
CH617,NA,CH,4006,C1,Monday
CH617,NA,CH,4006,C1,Tuesday
CH617,NA,CH,4006,C1,Friday
CH621,NA,CH,3003,C,Monday
CH621,NA,CH,3003,C,Tuesday
CH621,NA,CH,3003,C,Friday
CH623,NA,CH,3003,D,Monday
CH623,NA,CH,3003,D,Thursday
CH623,NA,CH,3003,D,Friday
CH625,NA,CH,4006,B1,Monday
CH625,NA,CH,4006,B1,Tuesday
CH625,NA,CH,4006,B1,Wednesday
CH630,NA,CH,3003,E,Wednesday
CH630,NA,CH,3003,E,Thursday
CH630,NA,CH,3003,E,Friday
CH637,NA,CH,4006,A1,Tuesday
CH637,NA,CH,4006,A1,Wednesday
CH637,NA,CH,4006,A1,Thursday
CH640,NA,CH,4006,E1,Wednesday
CH640,NA,CH,4006,E1,Thursday
CH640,NA,CH,4006,E1,Friday
CH643,NA,CH,4005,C,Monday
CH643,NA,CH,4005,C,Tuesday
CH643,NA,CH,4005,C,Friday
CL204,NA,CE,4203,A,Monday
CL204,NA,CE,4203,A,Tuesday
CL204,NA,CE,4203,A,Wednesday
CL204,NA,CE,4203,A,Thursday
CL205,NA,CE,4,B,Friday
CL205,NA,CE,4,B,Monday
CL205,NA,CE,4,B,Tuesday
CL205,NA,CE,4,B,Wednesday
CL206,NA,CE,4203,C,Monday
CL207,NA,CE,4203,D,Wednesday
CL207,NA,CE,4203,D,Thursday
CL207,NA,CE,4203,D,Friday
CL207,NA,CE,4203,D,Monday
CL252M,NA,CE,4002,F,Monday
CL252M,NA,CE,4002,F,Wednesday
CL252M,NA,CE,4002,F,Friday
CL307,NA,CE,4203,A1,Monday
CL308,NA,CE,4203,B1,Friday
CL308,NA,CE,4203,B1,Monday
CL308,NA,CE,4203,B1,Tuesday
CL308,NA,CE,4203,B1,Wednesday
CL309,NA,CE,4203,C1,Thursday
CL309,NA,CE,4203,C1,Friday
CL309,NA,CE,4203,C1,Monday
CL309,NA,CE,4203,C1,Tuesday
CL314,NA,CE,4203,D1,Wednesday
CL314,NA,CE,4203,D1,Thursday
CL314,NA,CE,4203,D1,Friday
CL314,NA,CE,4203,D1,Monday
CL352M,NA,CE,4002,G,Monday
CL352M,NA,CE,4002,G,Wednesday
CL352M,NA,CE,4002,G,Friday
CL401,NA,CE,4209,E,Tuesday
CL401,NA,CE,4209,E,Wednesday
CL401,NA,CE,4209,E,Thursday
CL401,NA,CE,4209,E,Friday
CL404,NA,CE,4209,D,Wednesday
CL404,NA,CE,4209,D,Thursday
CL404,NA,CE,4209,D,Friday
CL404,NA,CE,4209,D,Monday
CL503,NA,CE,4209,A,Monday
CL503,NA,CE,4209,A,Tuesday
CL503,NA,CE,4209,A,Wednesday
CL503,NA,CE,4209,A,Thursday
CL504,NA,CE,4209,B,Friday
CL504,NA,CE,4209,B,Monday
CL504,NA,CE,4209,B,Tuesday
CL504,NA,CE,4209,B,Wednesday
CL612,NA,CE,4203,K,Monday
CL612,NA,CE,4203,K,Wednesday
CL612,NA,CE,4203,K,Friday
CL614,NA,CE,4209,D1,Wednesday
CL614,NA,CE,4209,D1,Thursday
CL614,NA,CE,4209,D1,Friday
CL614,NA,CE,4209,D1,Monday
CL617,NA,CE,4209,C1,Thursday
CL617,NA,CE,4209,C1,Friday
CL617,NA,CE,4209,C1,Monday
CL617,NA,CE,4209,C1,Tuesday
CL618,NA,CE,4209,B1,Friday
CL618,NA,CE,4209,B1,Monday
CL618,NA,CE,4209,B1,Tuesday
CL618,NA,CE,4209,B1,Wednesday
CL619,NA,CE,4209,A1,Monday
CL619,NA,CE,4209,A1,Tuesday
CL619,NA,CE,4209,A1,Wednesday
CL619,NA,CE,4209,A1,Thursday
CL622,NA,CE,4002,D1,Wednesday
CL622,NA,CE,4002,D1,Thursday
CL622,NA,CE,4002,D1,Friday
CL622,NA,CE,4002,D1,Monday
CL623,NA,CE,4002,C1,Thursday
CL623,NA,CE,4002,C1,Friday
CL623,NA,CE,4002,C1,Monday
CL623,NA,CE,4002,C1,Tuesday
CL625,NA,CE,4G3,L,Tuesday
CL625,NA,CE,4G3,L,Thursday
CL625,NA,CL,4001,E1,Wednesday
CL625,NA,CL,4001,E1,Thursday
CL625,NA,CL,4001,E1,Friday
CL630,NA,CE,4209,F,Monday
CL630,NA,CE,4209,F,Wednesday
CL630,NA,CE,4209,F,Friday
CL634,NA,CE,4002,A1,Monday
CL634,NA,CE,4002,A1,Tuesday
CL634,NA,CE,4002,A1,Wednesday
CL634,NA,CE,4002,A1,Thursday
CL635,NA,CE,4203,F,Monday
CL635,NA,CE,4203,F,Wednesday
CL635,NA,CE,4203,F,Friday
CL638,NA,CE,4002,B1,Friday
CL638,NA,CE,4002,B1,Monday
CL638,NA,CE,4002,B1,Tuesday
CL638,NA,CE,4002,B1,Wednesday
CL639,NA,CH,1G1,C,Friday
CL639,NA,CH,1G1,C,Monday
CL639,NA,CH,1G1,C,Tuesday
CL639,NA,CH,4G4,K,Monday
CL639,NA,CH,4G4,K,Wednesday
CL642,NA,CE,4203,L,Tuesday
CL642,NA,CE,4203,L,Thursday
CS101,1,CSE,L2,A1,Tuesday
CS101,1,CSE,L2,A1,Wednesday
CS101,1,CSE,L2,A1,Thursday
CS101,3,CSE,L2,A,Tuesday
CS101,3,CSE,L2,A,Wednesday
CS101,3,CSE,L2,A,Thursday
CS101,2,CSE,L3,A1,Tuesday
CS101,2,CSE,L3,A1,Wednesday
CS101,2,CSE,L3,A1,Thursday
CS101,4,CSE,L3,A,Tuesday
CS101,4,CSE,L3,A,Wednesday
CS101,4,CSE,L3,A,Thursday
CS203,NA,CSE,1201,B,Friday
CS203,NA,CSE,1201,B,Monday
CS203,NA,CSE,1201,B,Tuesday
CS203,NA,CSE,1201,B,Wednesday
CS204,NA,CSE,1201,D,Wednesday
CS204,NA,CSE,1201,D,Thursday
CS204,NA,CSE,1201,D,Friday
CS204,NA,CSE,1201,D,Monday
CS206M,NA,CSE,1201,F,Monday
CS206M,NA,CSE,1201,F,Wednesday
CS206M,NA,CSE,1201,F,Friday
CS222,NA,CSE,L4,A,Monday
CS222,NA,CSE,L4,A,Tuesday
CS222,NA,CSE,L4,A,Wednesday
CS222,NA,CSE,L4,A,Thursday
CS242,NA,CSE,1201,C,Thursday
CS242,NA,CSE,1201,C,Friday
CS242,NA,CSE,1201,C,Monday
CS242,NA,CSE,1201,C,Tuesday
CS344,NA,CSE,L1,C1,Thursday
CS344,NA,CSE,L1,C1,Friday
CS344,NA,CSE,L1,C1,Monday
CS344,NA,CSE,L1,C1,Tuesday
CS346,NA,CSE,2204,B1,Friday
CS346,NA,CSE,2204,B1,Monday
CS346,NA,CSE,2204,B1,Tuesday
CS346,NA,CSE,2204,B1,Wednesday
CS348,NA,CSE,2203,D1,Wednesday
CS348,NA,CSE,2203,D1,Thursday
CS348,NA,CSE,2203,D1,Friday
CS348,NA,CSE,2203,D1,Monday
CS350M,NA,CSE,2204,G,Monday
CS350M,NA,CSE,2204,G,Wednesday
CS350M,NA,CSE,2204,G,Friday
CS501,NA,CSE,2001,E,Tuesday
CS501,NA,CSE,2001,E,Wednesday
CS501,NA,CSE,2001,E,Thursday
CS501,NA,CSE,2001,E,Friday
CS503,NA,CSE,2001,A1,Monday
CS503,NA,CSE,2001,A1,Tuesday
CS503,NA,CSE,2001,A1,Wednesday
CS503,NA,CSE,2001,A1,Thursday
CS525,NA,CSE,2001,B,Friday
CS525,NA,CSE,2001,B,Monday
CS525,NA,CSE,2001,B,Tuesday
CS525,NA,CSE,2001,B,Wednesday
CS526,NA,CSE,2204,C,Thursday
CS526,NA,CSE,2204,C,Friday
CS526,NA,CSE,2204,C,Monday
CS526,NA,CSE,2204,C,Tuesday
CS526,NA,CSE,L4,C,Friday
CS526,NA,CSE,L4,C,Monday
CS526,NA,CSE,L4,C,Tuesday
CS549,NA,CSE,1201,D1,Wednesday
CS549,NA,CSE,1201,D1,Thursday
CS549,NA,CSE,1201,D1,Friday
CS549,NA,CSE,1201,D1,Monday
CS561,NA,CSE,2001,E1,Tuesday
CS561,NA,CSE,2001,E1,Wednesday
CS561,NA,CSE,2001,E1,Thursday
CS561,NA,CSE,2001,E1,Friday
CS666,NA,CSE,2001,D,Wednesday
CS666,NA,CSE,2001,D,Thursday
CS666,NA,CSE,2001,D,Friday
CS666,NA,CSE,2001,D,Monday
DD220M,NA,DD,BDES 2 Studio,F,Monday
DD220M,NA,DD,BDES 2 Studio,F,Wednesday
DD220M,NA,DD,BDES 2 Studio,F,Friday
DD320M,NA,DD,BDES 3 Studio,G,Monday
DD320M,NA,DD,BDES 3 Studio,G,Wednesday
DD320M,NA,DD,BDES 3 Studio,G,Friday
EE203,NA,EEE,2201,C,Monday
EE203,NA,EEE,2201,C,Tuesday
EE203,NA,EEE,2201,A,Wednesday
EE213M,NA,EEE,2002,F,Monday
EE213M,NA,EEE,2002,F,Wednesday
EE213M,NA,EEE,2002,F,Friday
EE221,NA,EEE,2201,B,Monday
EE221,NA,EEE,2201,B,Tuesday
EE221,NA,EEE,2201,B,Wednesday
EE230,NA,EEE,2002,A,Monday
EE230,NA,EEE,2002,D,Wednesday
EE230,NA,EEE,2201,A,Monday
EE230,NA,EEE,2201,D,Monday
EE230,NA,EEE,2201,D,Wednesday
EE230,NA,EEE,2201,D,Thursday
EE230,NA,EEE,2201,D,Friday
EE230,NA,EEE,2202,A,Monday
EE230,NA,EEE,2202,D,Wednesday
EE230,NA,EEE,3101,A,Monday
EE230,NA,EEE,3101,D,Wednesday
EE230,NA,EEE,4101,A,Monday
EE230,NA,EEE,4101,D,Wednesday
EE270,NA,EEE,2201,A,Tuesday
EE270,NA,EEE,2201,A,Thursday
EE270,NA,EEE,2201,C,Friday
EE322M,NA,EEE,2201,G,Monday
EE322M,NA,EEE,2201,G,Wednesday
EE322M,NA,EEE,2201,G,Friday
EE333,NA,EEE,3101,E,Tuesday
EE333,NA,EEE,3101,C,Thursday
EE333,NA,EEE,3101,B,Friday
EE337,NA,EEE,2201,A1,Tuesday
EE337,NA,EEE,2201,A1,Wednesday
EE337,NA,EEE,2201,A1,Thursday
EE340,NA,EEE,2201,C1,Monday
EE340,NA,EEE,2201,C1,Tuesday
EE340,NA,EEE,2201,C1,Friday
EE351,NA,EEE,2202,D1,Monday
EE351,NA,EEE,2202,D1,Thursday
EE351,NA,EEE,2202,D1,Friday
EE360,NA,EEE,2201,B1,Monday
EE360,NA,EEE,2201,B1,Tuesday
EE360,NA,EEE,2201,B1,Wednesday
EE385,NA,EEE,2202,A1,Tuesday
EE385,NA,EEE,2202,A1,Wednesday
EE385,NA,EEE,2202,A1,Thursday
EE503,NA,EEE,3101,B,Monday
EE503,NA,EEE,3101,A,Tuesday
EE503,NA,EEE,3101,D,Friday
EE525,NA,EEE,2002,B,Monday
EE525,NA,EEE,2002,A,Tuesday
EE525,NA,EEE,2002,E,Friday
EE533,NA,EEE,2202,H,Tuesday
EE533,NA,EEE,2202,B,Wednesday
EE533,NA,EEE,2202,E,Friday
EE534,NA,EEE,2202,F,Monday
EE534,NA,EEE,2202,A,Tuesday
EE534,NA,EEE,2202,E,Wednesday
EE551,NA,EEE,2202,E,Thursday
EE551,NA,EEE,4101,A,Tuesday
EE551,NA,EEE,4101,C,Friday
EE561,NA,EEE,3101,F,Monday
EE561,NA,EEE,3101,F,Wednesday
EE561,NA,EEE,3101,E,Friday
EE580,NA,EEE,4101,E,Tuesday
EE580,NA,EEE,4101,C,Thursday
EE580,NA,EEE,4101,B,Friday
EE621,NA,EEE,3101,B1,Monday
EE621,NA,EEE,3101,B1,Tuesday
EE621,NA,EEE,3101,B1,Wednesday
EE625,NA,EEE,3101,A1,Tuesday
EE625,NA,EEE,3101,A1,Wednesday
EE625,NA,EEE,3101,A1,Thursday
EE626,NA,EEE,2201,E,Tuesday
EE626,NA,EEE,2201,C,Thursday
EE626,NA,EEE,2201,B,Friday
EE631,NA,EEE,4101,D1,Monday
EE631,NA,EEE,4101,A1,Thursday
EE631,NA,EEE,4101,D1,Friday
EE632,NA,EEE,2202,E1,Wednesday
EE632,NA,EEE,2202,E1,Thursday
EE632,NA,EEE,2202,E1,Friday
EE634,NA,EEE,4101,C1,Monday
EE634,NA,EEE,4101,C1,Tuesday
EE634,NA,EEE,4101,C1,Friday
EE636,NA,EEE,2202,D,Monday
EE636,NA,EEE,2202,B,Tuesday
EE636,NA,EEE,2202,D,Friday
EE642,NA,EEE,2201,F,Wednesday
EE642,NA,EEE,2201,H,Thursday
EE642,NA,EEE,2201,F,Friday
EE645,NA,EEE,3101,D1,Monday
EE645,NA,EEE,3101,D1,Thursday
EE645,NA,EEE,3101,D1,Friday
EE646,NA,EEE,4101,E1,Wednesday
EE646,NA,EEE,4101,E1,Thursday
EE646,NA,EEE,4101,E1,Friday
EE647,NA,EEE,2002,E1,Wednesday
EE647,NA,EEE,2002,E1,Thursday
EE647,NA,EEE,2002,E1,Friday
EE648,NA,EEE,2002,D1,Monday
EE648,NA,EEE,2002,D1,Thursday
EE648,NA,EEE,2002,D1,Friday
EE652,NA,EEE,2202,C,Tuesday
EE652,NA,EEE,2202,A,Thursday
EE652,NA,EEE,4101,D,Monday
EE653,NA,EEE,4101,B1,Monday
EE653,NA,EEE,4101,B1,Tuesday
EE653,NA,EEE,4101,B1,Wednesday
EE657,NA,EEE,L1,E1,Wednesday
EE657,NA,EEE,L1,E1,Thursday
EE657,NA,EEE,L1,E1,Friday
EE663,NA,EEE,2002,C,Thursday
EE663,NA,EEE,3101,D,Monday
EE663,NA,EEE,3101,B,Tuesday
EE664,NA,EEE,3202,C,Monday
EE664,NA,EEE,3202,C,Tuesday
EE664,NA,EEE,3202,C,Friday
EE667,NA,EEE,2002,B1,Monday
EE667,NA,EEE,2002,B1,Tuesday
EE667,NA,EEE,2002,B1,Wednesday
EE668,NA,EEE,2002,C1,Monday
EE668,NA,EEE,2002,C1,Tuesday
EE668,NA,EEE,2002,C1,Friday
EE671,NA,EEE,2101,C,Monday
EE671,NA,EEE,2101,C,Tuesday
EE671,NA,EEE,2101,C,Friday
EE671,NA,EEE,2102,C,Friday
EE671,NA,EEE,2102,C,Monday
EE671,NA,EEE,2102,C,Tuesday
EE673,NA,EEE,4101,A1,Tuesday
EE673,NA,EEE,4101,A1,Wednesday
EE673,NA,EEE,4101,D1,Thursday
HS203,NA,HSS,1006,E,Wednesday
HS203,NA,HSS,1006,E,Thursday
HS203,NA,HSS,1006,E,Friday
HS212,NA,HSS,1G1,E,Wednesday
HS212,NA,HSS,1G1,E,Thursday
HS212,NA,HSS,1G1,E,Friday
HS213,NA,HSS,3202,E,Wednesday
HS213,NA,HSS,3202,E,Thursday
HS213,NA,HSS,3202,E,Friday
HS220,NA,HSS,1207,E,Wednesday
HS220,NA,HSS,1207,E,Thursday
HS220,NA,HSS,1207,E,Friday
HS224,NA,HSS,2101,E,Wednesday
HS224,NA,HSS,2101,E,Thursday
HS224,NA,HSS,2101,E,Friday
HS226,NA,HSS,2102,E,Wednesday
HS226,NA,HSS,2102,E,Thursday
HS226,NA,HSS,2102,E,Friday
HS234,NA,HSS,4001,E,Wednesday
HS234,NA,HSS,4001,E,Thursday
HS234,NA,HSS,4001,E,Friday
HS237,NA,HSS,4005,E,Wednesday
HS237,NA,HSS,4005,E,Thursday
HS237,NA,HSS,4005,E,Friday
HS238,NA,HSS,4G3,E,Wednesday
HS238,NA,HSS,4G3,E,Thursday
HS238,NA,HSS,4G3,E,Friday
HS239,NA,HSS,4G4,E,Wednesday
HS239,NA,HSS,4G4,E,Thursday
HS239,NA,HSS,4G4,E,Friday
HS242,NA,HSS,1G2,E,Wednesday
HS242,NA,HSS,1G2,E,Thursday
HS242,NA,HSS,1G2,E,Friday
HS243,NA,HSS,L1,E,Wednesday
HS243,NA,HSS,L1,E,Thursday
HS243,NA,HSS,L1,E,Friday
HS406,NA,HSS,1006,A,Tuesday
HS406,NA,HSS,1006,A,Wednesday
HS406,NA,HSS,1006,A,Thursday
HS409,NA,HSS,1G1,A,Tuesday
HS409,NA,HSS,1G1,A,Wednesday
HS409,NA,HSS,1G1,A,Thursday
HS413,NA,HSS,1G2,A,Tuesday
HS413,NA,HSS,1G2,A,Wednesday
HS413,NA,HSS,1G2,A,Thursday
HS414,NA,HSS,3202,A,Tuesday
HS414,NA,HSS,3202,A,Wednesday
HS414,NA,HSS,3202,A,Thursday
HS415,NA,HSS,2101,A,Tuesday
HS415,NA,HSS,2101,A,Wednesday
HS415,NA,HSS,2101,A,Thursday
HS420,NA,HSS,2102,A,Tuesday
HS420,NA,HSS,2102,A,Wednesday
HS420,NA,HSS,2102,A,Thursday
HS421,NA,HSS,1207,A,Tuesday
HS421,NA,HSS,1207,A,Wednesday
HS421,NA,HSS,1207,A,Thursday
HS422,NA,HSS,L1,A,Tuesday
HS422,NA,HSS,L1,A,Wednesday
HS422,NA,HSS,L1,A,Thursday
HS424,NA,HSS,4G3,A,Tuesday
HS424,NA,HSS,4G3,A,Wednesday
HS424,NA,HSS,4G3,A,Thursday
HS425,NA,HSS,4G4,A,Tuesday
HS425,NA,HSS,4G4,A,Wednesday
HS425,NA,HSS,4G4,A,Thursday
HS502,NA,HSS,1102,B,Tuesday
HS502,NA,HSS,1102,B,Wednesday
HS502,NA,HSS,1102,H,Thursday
HS503,NA,HSS,1101,C,Monday
HS503,NA,HSS,1101,C,Tuesday
HS503,NA,HSS,1101,F,Wednesday
HS505,NA,HSS,1101,A,Tuesday
HS505,NA,HSS,1101,A,Wednesday
HS505,NA,HSS,1101,A,Thursday
HS512,NA,HSS,1102,F,Monday
HS512,NA,HSS,1102,C1,Tuesday
HS512,NA,HSS,1102,B1,Wednesday
HS517,NA,HSS,1101,E,Wednesday
HS517,NA,HSS,1101,E,Thursday
HS517,NA,HSS,1101,E,Friday
HS521,NA,HSS,1102,B,Monday
HS521,NA,HSS,1102,D,Thursday
HS521,NA,HSS,1102,D,Friday
HS604,NA,HSS,1102,D,Monday
HS604,NA,HSS,1102,H,Tuesday
HS604,NA,HSS,1102,F,Friday
HS621,NA,HSS,1101,A,Monday
HS621,NA,HSS,1101,D,Wednesday
HS621,NA,HSS,1101,E1,Friday
HS622,NA,HSS,1102,D1,Monday
HS622,NA,HSS,1102,C,Thursday
HS622,NA,HSS,1102,B,Friday
HS623,NA,HSS,1102,E,Tuesday
HS623,NA,HSS,1102,A1,Thursday
HS623,NA,HSS,1102,C,Friday
MA102,1,MA,L2,C1,Friday
MA102,1,MA,L2,C1,Monday
MA102,1,MA,L2,C1,Tuesday
MA102,3,MA,L2,C,Friday
MA102,3,MA,L2,C,Monday
MA102,3,MA,L2,C,Tuesday
MA102,2,MA,L3,C1,Friday
MA102,2,MA,L3,C1,Monday
MA102,2,MA,L3,C1,Tuesday
MA102,4,MA,L3,C,Friday
MA102,4,MA,L3,C,Monday
MA102,4,MA,L3,C,Tuesday
MA102,1,MA,,C,Thursday
MA102,2,MA,,C,Thursday
MA102,3,MA,,C,Thursday
MA102,4,MA,,C,Thursday
MA212M,NA,MA,1103,F,Monday
MA212M,NA,MA,1103,F,Wednesday
MA212M,NA,MA,1103,F,Friday
MA224,NA,MA,1103,D,Monday
MA224,NA,MA,1103,D,Thursday
MA224,NA,MA,1103,D,Friday
MA252,NA,MA,1103,B,Monday
MA252,NA,MA,1103,B,Tuesday
MA252,NA,MA,1103,B,Wednesday
MA271,NA,MA,1103,C,Monday
MA271,NA,MA,1103,C,Tuesday
MA271,NA,MA,1103,C,Friday
MA312M,NA,MA,1103,G,Monday
MA312M,NA,MA,1103,G,Wednesday
MA312M,NA,MA,1103,G,Friday
MA321,NA,MA,2203,A1,Tuesday
MA321,NA,MA,2203,A1,Wednesday
MA321,NA,MA,2203,A1,Thursday
MA351,NA,MA,2203,B1,Monday
MA351,NA,MA,2203,B1,Tuesday
MA351,NA,MA,2203,B1,Wednesday
MA373,NA,MA,2203,E1,Wednesday
MA373,NA,MA,2203,E1,Thursday
MA373,NA,MA,2203,E1,Friday
MA473,NA,MA,2101,B,Monday
MA473,NA,MA,2101,B,Tuesday
MA473,NA,MA,2101,B,Wednesday
MA477,NA,MA,2203,E,Wednesday
MA477,NA,MA,2203,E,Thursday
MA477,NA,MA,2203,E,Friday
MA502,NA,MA,2203,D,Monday
MA502,NA,MA,2203,D,Thursday
MA502,NA,MA,2203,D,Friday
MA505,NA,MA,1104,E,Wednesday
MA505,NA,MA,1104,E,Thursday
MA505,NA,MA,1104,E,Friday
MA512,NA,MA,1002,A,Monday
MA512,NA,MA,1002,A,Tuesday
MA512,NA,MA,1002,A,Wednesday
MA512,NA,MA,1002,A,Thursday
MA513,NA,MA,2203,C,Monday
MA513,NA,MA,2203,C,Tuesday
MA513,NA,MA,2203,C,Friday
MA519,NA,MA,1103,E,Wednesday
MA519,NA,MA,1103,E,Thursday
MA519,NA,MA,1103,E,Friday
MA542,NA,MA,1002,B,Monday
MA542,NA,MA,1002,B,Tuesday
MA542,NA,MA,1002,B,Wednesday
MA542,NA,MA,1002,B,Friday
MA547,NA,MA,1002,D,Monday
MA547,NA,MA,1002,D,Thursday
MA547,NA,MA,1002,D,Friday
MA561,NA,MA,1103,C1,Monday
MA561,NA,MA,1103,C1,Tuesday
MA561,NA,MA,1103,C1,Friday
MA571,NA,MA,2203,A,Monday
MA571,NA,MA,2203,A,Tuesday
MA571,NA,MA,2203,A,Wednesday
MA571,NA,MA,2203,A,Thursday
MA573,NA,MA,2203,B,Monday
MA573,NA,MA,2203,B,Tuesday
MA573,NA,MA,2203,B,Wednesday
MA573,NA,MA,2203,B,Friday
MA590,NA,MA,1002,C,Monday
MA590,NA,MA,1002,C,Tuesday
MA590,NA,MA,1002,C,Thursday
MA590,NA,MA,1002,C,Friday
MA591,NA,MA,1002,E,Tuesday
MA591,NA,MA,1002,E,Wednesday
MA591,NA,MA,1002,E,Thursday
MA591,NA,MA,1002,E,Friday
MA616,NA,MA,1002,L,Tuesday
MA616,NA,MA,1002,L,Thursday
MA622,NA,MA,1104,D1,Monday
MA622,NA,MA,1104,D1,Thursday
MA622,NA,MA,1104,D1,Friday
MA625,NA,MA,1002,A1,Monday
MA625,NA,MA,1002,A1,Tuesday
MA625,NA,MA,1002,A1,Wednesday
MA625,NA,MA,1002,A1,Thursday
MA641,NA,MA,1103,E1,Wednesday
MA641,NA,MA,1103,E1,Thursday
MA641,NA,MA,1103,E1,Friday
MA642,NA,MA,1002,E1,Tuesday
MA642,NA,MA,1002,E1,Wednesday
MA642,NA,MA,1002,E1,Thursday
MA642,NA,MA,1002,E1,Friday
MA643,NA,MA,1002,C1,Monday
MA643,NA,MA,1002,C1,Tuesday
MA643,NA,MA,1002,C1,Thursday
MA643,NA,MA,1002,C1,Friday
MA644,NA,MA,1104,C1,Monday
MA644,NA,MA,1104,C1,Tuesday
MA644,NA,MA,1104,C1,Friday
MA662,NA,MA,1002,B1,Monday
MA662,NA,MA,1002,B1,Tuesday
MA662,NA,MA,1002,B1,Wednesday
MA662,NA,MA,1002,B1,Friday
MA671,NA,MA,1103,D1,Monday
MA671,NA,MA,1103,D1,Thursday
MA671,NA,MA,1103,D1,Friday
MA685,NA,MA,1104,I,Tuesday
MA685,NA,MA,1104,I,Thursday
MA691,NA,MA,1104,E1,Wednesday
MA691,NA,MA,1104,E1,Thursday
MA691,NA,MA,1104,E1,Friday
MA746,NA,MA,1104,A,Monday
MA746,NA,MA,1104,A,Tuesday
MA746,NA,MA,1104,A,Wednesday
MA746,NA,MA,1104,A,Thursday
MA762,NA,MA,1002,D1,Monday
MA762,NA,MA,1002,D1,Wednesday
MA762,NA,MA,1002,D1,Thursday
MA762,NA,MA,1002,D1,Friday
ME101,1,ME,L2,B1,Monday
ME101,1,ME,L2,B1,Tuesday
ME101,1,ME,L2,B1,Wednesday
ME101,3,ME,L2,B,Monday
ME101,3,ME,L2,B,Tuesday
ME101,3,ME,L2,B,Wednesday
ME101,2,ME,L3,B1,Monday
ME101,2,ME,L3,B1,Tuesday
ME101,2,ME,L3,B1,Wednesday
ME101,4,ME,L3,B,Monday
ME101,4,ME,L3,B,Tuesday
ME101,4,ME,L3,B,Wednesday
ME221,NA,ME,1003,A,Tuesday
ME221,NA,ME,1003,A,Wednesday
ME221,NA,ME,1003,A,Thursday
ME221,NA,ME,1005,A,Tuesday
ME221,NA,ME,1005,A,Wednesday
ME221,NA,ME,1005,A,Thursday
ME222,NA,ME,1003,B,Monday
ME222,NA,ME,1003,B,Tuesday
ME222,NA,ME,1003,B,Wednesday
ME222,NA,ME,1005,B,Monday
ME222,NA,ME,1005,B,Tuesday
ME222,NA,ME,1005,B,Wednesday
ME223,NA,ME,1003,C,Monday
ME223,NA,ME,1003,C,Tuesday
ME223,NA,ME,1003,C,Friday
ME223,NA,ME,1005,C,Monday
ME223,NA,ME,1005,C,Tuesday
ME223,NA,ME,1005,C,Friday
ME224,NA,ME,1003,D,Monday
ME224,NA,ME,1003,D,Thursday
ME224,NA,ME,1003,D,Friday
ME224,NA,ME,1005,D,Monday
ME224,NA,ME,1005,D,Thursday
ME224,NA,ME,1005,D,Friday
ME321M,NA,ME,1003,G,Monday
ME321,NA,ME,1003,A1,Monday
ME321,NA,ME,1003,A1,Tuesday
ME321M,NA,ME,1003,G,Wednesday
ME321,NA,ME,1003,A1,Thursday
ME321M,NA,ME,1003,G,Friday
ME321,NA,ME,1005,A1,Monday
ME321,NA,ME,1005,A1,Tuesday
ME321,NA,ME,1005,A1,Thursday
ME322,NA,ME,1003,B1,Monday
ME322,NA,ME,1003,B1,Tuesday
ME322,NA,ME,1005,B1,Monday
ME322,NA,ME,1005,B1,Tuesday
ME323,NA,ME,1003,D1,Monday
ME323,NA,ME,1003,D1,Wednesday
ME323,NA,ME,1003,D1,Thursday
ME323,NA,ME,1005,D1,Monday
ME323,NA,ME,1005,D1,Wednesday
ME323,NA,ME,1005,D1,Thursday
ME324,NA,ME,1003,C1,Monday
ME324,NA,ME,1003,C1,Tuesday
ME324,NA,ME,1003,C1,Thursday
ME324,NA,ME,1003,C1,Friday
ME324,NA,ME,1005,C1,Monday
ME324,NA,ME,1005,C1,Tuesday
ME324,NA,ME,1005,C1,Thursday
ME325,NA,ME,1003,E1,Tuesday
ME325,NA,ME,1003,E1,Wednesday
ME325,NA,ME,1003,E1,Thursday
ME325,NA,ME,1005,E1,Tuesday
ME325,NA,ME,1005,E1,Wednesday
ME325,NA,ME,1005,E1,Thursday
ME421,NA,ME,1G1,B,Monday
ME421,NA,ME,1G1,B,Tuesday
ME421,NA,ME,1G1,B,Wednesday
ME513,NA,ME,1004,C,Monday
ME513,NA,ME,1004,A,Tuesday
ME513,NA,ME,1004,B,Wednesday
ME514,NA,ME,1004,F,Monday
ME514,NA,ME,1004,E,Wednesday
ME514,NA,ME,1004,C,Thursday
ME522,NA,ME,1G1,A1,Monday
ME522,NA,ME,1G1,E1,Tuesday
ME522,NA,ME,1G1,D1,Wednesday
ME522,NA,ME,1G1,C1,Thursday
ME522,NA,ME,1G1,B1,Friday
ME532,NA,ME,1203,D,Monday
ME532,NA,ME,1203,C,Tuesday
ME532,NA,ME,1203,D,Thursday
ME532,NA,ME,1G2,D,Monday
ME532,NA,ME,1G2,H,Tuesday
ME532,NA,ME,1G2,D,Thursday
ME553,NA,ME,1004,E1,Wednesday
ME553,NA,ME,1004,D1,Thursday
ME553,NA,ME,1004,C1,Friday
ME554,NA,ME,1203,F,Wednesday
ME554,NA,ME,1203,H,Thursday
ME554,NA,ME,1203,F,Friday
ME605,NA,ME,1005,H,Tuesday
ME605,NA,ME,1005,E,Thursday
ME605,NA,ME,1005,E,Friday
ME607,NA,ME,1003,F,Wednesday
ME607,NA,ME,1003,H,Thursday
ME607,NA,ME,1003,F,Friday
ME609,NA,ME,1G2,C,Friday
ME609,NA,ME,1G2,C,Monday
ME609,NA,ME,1G2,C,Tuesday
ME613,NA,ME,1203,F,Monday
ME613,NA,ME,1203,E,Wednesday
ME613,NA,ME,1203,C,Thursday
ME615,NA,ME,1003,A,Monday
ME615,NA,ME,1003,E,Tuesday
ME615,NA,ME,1003,D,Wednesday
ME616,NA,ME,1004,A1,Wednesday
ME616,NA,ME,1004,E1,Thursday
ME616,NA,ME,1004,D1,Friday
ME618,NA,ME,1003,F,Monday
ME618,NA,ME,1003,E,Wednesday
ME618,NA,ME,1003,C,Thursday
ME619,NA,ME,1005,F,Monday
ME619,NA,ME,1005,E,Wednesday
ME619,NA,ME,1005,C,Thursday
ME654,NA,ME,1203,F,Wednesday
ME654,NA,ME,1203,H,Thursday
ME654,NA,ME,1203,F,Friday
ME662,NA,ME,1203,B,Monday
ME662,NA,ME,1203,B,Tuesday
ME662,NA,ME,1203,A,Wednesday
ME665,NA,ME,1203,A1,Wednesday
ME665,NA,ME,1203,E1,Thursday
ME665,NA,ME,1203,D1,Friday
ME670,NA,ME,1203,E1,Wednesday
ME670,NA,ME,1203,D1,Thursday
ME670,NA,ME,1203,C1,Friday
ME672,NA,ME,1203,A1,Tuesday
ME672,NA,ME,1203,E,Thursday
ME672,NA,ME,1203,E,Friday
ME680,NA,ME,1005,F,Wednesday
ME680,NA,ME,1005,H,Thursday
ME680,NA,ME,1005,F,Friday
ME686,NA,ME,1004,A,Monday
ME686,NA,ME,1004,E,Tuesday
ME686,NA,ME,1004,D,Wednesday
ME688,NA,ME,1005,A,Monday
ME688,NA,ME,1005,E,Tuesday
ME688,NA,ME,1005,D,Wednesday
ME691,NA,ME,1004,D,Monday
ME691,NA,ME,1004,C,Tuesday
ME691,NA,ME,1004,D,Thursday
ME695,NA,ME,NA,A,Monday
ME695,NA,ME,,E,Tuesday
ME695,NA,ME,,D,Wednesday
PH102,3,PH,L2,E,Wednesday
PH102,3,PH,L2,E,Thursday
PH102,3,PH,L2,E,Friday
PH102,1,PH,L2,E1,Wednesday
PH102,1,PH,L2,E1,Thursday
PH102,1,PH,L2,E1,Friday
PH102,4,PH,L3,E,Wednesday
PH102,4,PH,L3,E,Thursday
PH102,4,PH,L3,E,Friday
PH102,2,PH,L3,E1,Wednesday
PH102,2,PH,L3,E1,Thursday
PH102,2,PH,L3,E1,Friday
PH202,NA,PH,4206,D,Monday
PH202,NA,PH,4206,D,Wednesday
PH202,NA,PH,4206,A,Thursday
PH202,NA,PH,4206,D,Friday
PH204,NA,PH,4206,B,Monday
PH204,NA,PH,4206,B,Tuesday
PH204,NA,PH,4206,A,Wednesday
PH204,NA,PH,4206,D,Thursday
PH206,NA,PH,4206,A,Tuesday
PH206,NA,PH,4206,B,Wednesday
PH206,NA,PH,4206,C,Thursday
PH302,NA,PH,4003,B,Tuesday
PH302,NA,PH,4003,E,Wednesday
PH302,NA,PH,4003,A,Thursday
PH304,NA,PH,4003,C,Monday
PH304,NA,PH,4003,C,Tuesday
PH304,NA,PH,4003,E,Thursday
PH306,NA,PH,4003,D,Monday
PH306,NA,PH,4003,A,Wednesday
PH306,NA,PH,4003,D,Thursday
PH308,NA,PH,4003,A,Tuesday
PH308,NA,PH,4003,B,Wednesday
PH382M,NA,PH,4004,G,Monday
PH382M,NA,PH,4004,G,Wednesday
PH382M,NA,PH,4004,G,Friday
PH402,NA,PH,4004,C,Tuesday
PH402,NA,PH,4004,A,Wednesday
PH402,NA,PH,4004,C,Thursday
PH404,NA,PH,4004,B,Monday
PH404,NA,PH,4004,B,Tuesday
PH404,NA,PH,4004,E,Wednesday
PH404,NA,PH,4004,E,Friday
PH406,NA,PH,4004,C,Monday
PH406,NA,PH,4004,B,Wednesday
PH406,NA,PH,4004,D,Thursday
PH406,NA,PH,4004,C,Friday
PH408,NA,PH,4004,A,Tuesday
PH408,NA,PH,4004,A,Thursday
PH410,NA,PH,4004,D,Monday
PH410,NA,PH,4004,D,Wednesday
PH410,NA,PH,4004,E,Thursday
PH410,NA,PH,4004,D,Friday
PH414,NA,PH,4003,B1,Monday
PH414,NA,PH,4003,B1,Wednesday
PH414,NA,PH,4003,D1,Thursday
PH443,NA,PH,4206,C,Monday
PH443,NA,PH,4206,C,Tuesday
PH443,NA,PH,4206,C,Friday
PH443,NA,PH,4G4,C,Friday
PH443,NA,PH,4G4,C,Monday
PH443,NA,PH,4G4,C,Tuesday
PH446,NA,PH,4003,E1,Wednesday
PH446,NA,PH,4003,E1,Thursday
PH446,NA,PH,4003,E1,Friday
PH446,NA,PH,4005,E1,Wednesday
PH446,NA,PH,4005,E1,Thursday
PH446,NA,PH,4005,E1,Friday
PH462,NA,PH,4003,C1,Monday
PH462,NA,PH,4003,B1,Tuesday
PH462,NA,PH,4003,A1,Wednesday
PH521,NA,PH,4212,C1,Tuesday
PH521,NA,PH,4212,B,Wednesday
PH521,NA,PH,4212,E,Friday
PH523,NA,PH,4212,D,Monday
PH523,NA,PH,4212,B,Tuesday
PH523,NA,PH,4212,E,Thursday
PH524,NA,PH,4212,E,Wednesday
PH524,NA,PH,4212,D,Thursday
PH524,NA,PH,4212,D,Friday
PH527,NA,PH,4212,A,Tuesday
PH527,NA,PH,4212,A,Wednesday
PH527,NA,PH,4212,C,Thursday
PH531,NA,PH,4212,B1,Tuesday
PH531,NA,PH,4212,D,Wednesday
PH531,NA,PH,4212,A1,Thursday
PH532,NA,PH,4212,C,Monday
PH532,NA,PH,4212,A,Thursday
PH532,NA,PH,4212,C,Friday
PH543,NA,PH,4212,C,Tuesday
PH543,NA,PH,4212,E1,Thursday
PH543,NA,PH,4212,C1,Friday
PH544,NA,PH,4212,A1,Tuesday
PH544,NA,PH,4212,C1,Thursday
PH544,NA,PH,4212,D1,Friday
PH545,NA,PH,4212,E1,Tuesday
PH545,NA,PH,4212,D1,Thursday
PH545,NA,PH,4212,E1,Friday
PH702,NA,PH,4004,C1,Monday
PH702,NA,PH,4004,A1,Wednesday
PH702,NA,PH,4004,E1,Friday
PH703,NA,PH,4004,B1,Monday
PH703,NA,PH,4004,A1,Tuesday
PH703,NA,PH,4004,C1,Thursday
PH704,NA,PH,4004,B1,Tuesday
PH704,NA,PH,4004,B1,Wednesday
PH704,NA,PH,4004,D1,Friday
PH706,NA,PH,4004,E1,Wednesday
PH706,NA,PH,4004,D1,Thursday
PH706,NA,PH,4004,C1,Friday
RT514,NA,CRT,1206,H,Tuesday
RT514,NA,CRT,1206,B1,Tuesday
RT514,NA,CRT,1206,H,Thursday
RT515,NA,CRT,1206,D,Monday
RT515,NA,CRT,1206,B,Wednesday
RT515,NA,CRT,1206,D,Friday
RT517,NA,CRT,1206,D1,Monday
RT517,NA,CRT,1206,D1,Thursday
